+33;+90;0;-33;-90;180;stop;forward;backward;left;right;
0.469;0.065;0.491;0.213;0.074;0.030;0;1;0;0;0;
0.469;0.067;0.504;0.212;0.072;0.031;0;1;0;0;0;
0.469;0.064;0.480;0.209;0.071;0.050;0;1;0;0;0;
0.469;0.065;0.478;0.211;0.072;0.064;0;1;0;0;0;
0.469;0.070;0.451;0.213;0.069;0.089;0;1;0;0;0;
0.469;0.068;0.427;0.213;0.069;0.114;0;1;0;0;0;
0.469;0.065;0.394;0.212;0.073;0.137;0;1;0;0;0;
0.469;0.065;0.386;0.208;0.072;0.158;0;1;0;0;0;
0.469;0.066;0.355;0.217;0.071;0.184;0;1;0;0;0;
0.469;0.065;0.336;0.219;0.074;0.209;0;1;0;0;0;
0.469;0.061;0.329;0.227;0.072;0.225;0;1;0;0;0;
0.469;0.062;0.292;0.227;0.071;0.251;0;1;0;0;0;
0.469;0.064;0.271;0.228;0.074;0.278;0;1;0;0;0;
0.469;0.061;0.192;0.213;0.072;0.341;0;0;0;1;0;
0.469;0.063;0.190;0.214;0.072;0.344;0;0;0;1;0;
0.469;0.058;0.191;0.224;0.073;0.346;0;0;0;1;0;
0.469;0.067;0.194;0.214;0.078;0.354;0;0;0;1;0;
0.469;0.071;0.201;0.202;0.076;0.325;0;0;0;1;0;
0.469;0.126;0.256;0.191;0.085;0.119;0;1;0;0;0;
0.469;0.129;0.248;0.191;0.084;0.124;0;1;0;0;0;
0.469;0.123;0.243;0.184;0.095;0.143;0;1;0;0;0;
0.469;0.109;0.239;0.163;0.104;0.160;0;1;0;0;0;
0.469;0.054;0.157;0.105;0.153;0.221;0;0;0;1;0;
0.469;0.056;0.155;0.107;0.151;0.215;0;0;0;1;0;
0.469;0.061;0.155;0.106;0.158;0.193;0;0;0;1;0;
0.469;0.068;0.166;0.110;0.186;0.153;0;0;0;1;0;
0.469;0.083;0.187;0.108;0.198;0.124;0;0;0;1;0;
0.469;0.102;0.221;0.120;0.204;0.101;0;0;0;1;0;
0.469;0.141;0.245;0.125;0.193;0.079;0;0;0;1;0;
0.469;0.409;0.371;0.175;0.144;0.049;0;1;0;0;0;
0.469;0.419;0.372;0.171;0.142;0.048;0;1;0;0;0;
0.469;0.402;0.361;0.167;0.144;0.063;0;1;0;0;0;
0.469;0.342;0.368;0.161;0.136;0.088;0;1;0;0;0;
0.469;0.061;0.284;0.138;0.111;0.147;0;0;0;1;0;
0.469;0.062;0.285;0.133;0.111;0.142;0;0;0;1;0;
0.469;0.081;0.274;0.153;0.112;0.139;0;0;0;1;0;
0.469;0.211;0.271;0.182;0.099;0.135;0;0;0;1;0;
0.469;0.525;0.250;0.284;0.094;0.142;0;1;0;0;0;
0.469;0.527;0.251;0.276;0.095;0.146;0;1;0;0;0;
0.469;0.519;0.247;0.271;0.096;0.160;0;1;0;0;0;
0.469;0.479;0.237;0.259;0.098;0.177;0;1;0;0;0;
0.469;0.015;0.207;0.238;0.100;0.200;0;1;0;0;0;
0.469;0.461;0.118;0.151;0.108;0.273;0;0;0;1;0;
0.469;0.456;0.120;0.149;0.104;0.274;0;0;0;1;0;
0.469;0.442;0.121;0.141;0.107;0.280;0;0;0;1;0;
0.469;0.273;0.125;0.135;0.111;0.289;0;0;0;1;0;
0.469;0.158;0.137;0.126;0.112;0.298;0;0;0;1;0;
0.469;0.075;0.163;0.120;0.125;0.215;0;1;0;0;0;
0.469;0.117;0.137;0.098;0.141;0.251;0;0;0;1;0;
0.469;0.117;0.132;0.093;0.143;0.241;0;0;0;1;0;
0.469;0.108;0.142;0.094;0.156;0.199;0;0;0;1;0;
0.469;0.083;0.176;0.097;0.188;0.111;0;0;0;1;0;
0.469;0.121;0.196;0.112;0.195;0.087;0;0;0;1;0;
0.469;0.402;0.484;0.149;0.143;0.042;0;1;0;0;0;
0.469;0.399;0.491;0.152;0.141;0.044;0;1;0;0;0;
0.469;0.405;0.492;0.145;0.137;0.058;0;1;0;0;0;
0.469;0.407;0.480;0.135;0.132;0.083;0;1;0;0;0;
0.469;0.094;0.425;0.090;0.094;0.157;0;0;0;1;0;
0.469;0.091;0.426;0.095;0.095;0.156;0;0;0;1;0;
0.469;0.091;0.419;0.101;0.088;0.148;0;0;0;1;0;
0.469;0.410;0.380;0.317;0.075;0.131;0;1;0;0;0;
0.469;0.357;0.377;0.371;0.075;0.146;0;1;0;0;0;
0.469;0.097;0.339;0.403;0.073;0.174;0;1;0;0;0;
0.469;0.099;0.349;0.404;0.073;0.174;0;1;0;0;0;
0.469;0.095;0.346;0.396;0.071;0.191;0;1;0;0;0;
0.469;0.098;0.311;0.378;0.071;0.205;0;1;0;0;0;
0.469;0.098;0.304;0.370;0.069;0.233;0;1;0;0;0;
0.469;0.097;0.283;0.322;0.070;0.253;0;1;0;0;0;
0.469;0.095;0.261;0.316;0.068;0.285;0;1;0;0;0;
0.469;0.100;0.245;0.284;0.069;0.308;0;1;0;0;0;
0.469;0.099;0.210;0.258;0.062;0.323;0;1;0;0;0;
0.469;0.099;0.137;0.178;0.364;0.394;0;0;0;0;1;
0.469;0.100;0.136;0.175;0.358;0.393;0;0;0;0;1;
0.469;0.099;0.135;0.184;0.110;0.398;0;0;0;0;1;
0.469;0.094;0.139;0.211;0.071;0.410;0;0;0;0;1;
0.469;0.094;0.147;0.254;0.091;0.436;0;0;0;0;1;
0.469;0.095;0.159;0.312;0.105;0.370;0;0;0;0;1;
0.469;0.134;0.247;0.398;0.180;0.069;0;1;0;0;0;
0.469;0.131;0.241;0.424;0.180;0.068;0;1;0;0;0;
0.469;0.136;0.237;0.400;0.173;0.090;0;1;0;0;0;
0.469;0.154;0.228;0.400;0.148;0.113;0;1;0;0;0;
0.469;0.202;0.141;0.336;0.065;0.178;0;0;0;0;1;
0.469;0.203;0.142;0.336;0.065;0.169;0;0;0;0;1;
0.469;0.186;0.150;0.332;0.083;0.149;0;0;0;0;1;
0.469;0.152;0.195;0.320;0.108;0.120;0;0;0;0;1;
0.469;0.096;0.333;0.351;0.347;0.085;0;1;0;0;0;
0.469;0.098;0.332;0.340;0.339;0.086;0;1;0;0;0;
0.469;0.096;0.327;0.337;0.297;0.102;0;1;0;0;0;
0.469;0.091;0.329;0.312;0.245;0.131;0;1;0;0;0;
0.469;0.089;0.297;0.300;0.142;0.147;0;1;0;0;0;
0.469;0.069;0.218;0.226;0.603;0.218;0;0;0;0;1;
0.469;0.067;0.224;0.217;0.607;0.214;0;0;0;0;1;
0.469;0.064;0.216;0.227;0.578;0.207;0;0;0;0;1;
0.469;0.057;0.204;0.243;0.053;0.210;0;0;0;0;1;
0.469;0.049;0.204;0.270;0.165;0.213;0;0;0;0;1;
0.469;0.051;0.236;0.408;0.693;0.170;0;1;0;0;0;
0.469;0.047;0.235;0.411;0.658;0.174;0;1;0;0;0;
0.469;0.054;0.232;0.417;0.699;0.193;0;1;0;0;0;
0.469;0.066;0.203;0.382;0.644;0.217;0;1;0;0;0;
0.469;0.103;0.133;0.261;0.136;0.290;0;0;0;0;1;
0.469;0.099;0.130;0.259;0.138;0.271;0;0;0;0;1;
0.469;0.120;0.176;0.475;0.070;0.122;0;1;0;0;0;
0.469;0.120;0.178;0.491;0.072;0.118;0;1;0;0;0;
0.469;0.125;0.169;0.489;0.081;0.135;0;1;0;0;0;
0.469;0.182;0.092;0.345;0.171;0.197;0;0;0;0;1;
0.469;0.182;0.091;0.347;0.167;0.194;0;0;0;0;1;
0.469;0.182;0.105;0.442;0.152;0.151;0;0;0;0;1;
0.469;0.162;0.123;0.459;0.135;0.115;0;0;0;0;1;
0.469;0.123;0.179;0.461;0.104;0.096;0;0;0;0;1;
0.469;0.074;0.432;0.447;0.480;0.060;0;1;0;0;0;
0.469;0.077;0.445;0.460;0.492;0.062;0;1;0;0;0;
0.469;0.071;0.453;0.460;0.461;0.076;0;1;0;0;0;
0.469;0.056;0.369;0.399;0.122;0.144;0;0;0;0;1;
0.469;0.057;0.367;0.413;0.118;0.140;0;0;0;0;1;
0.469;0.053;0.381;0.403;0.113;0.136;0;0;0;0;1;
0.469;0.036;0.395;0.214;0.504;0.139;0;1;0;0;0;
0.469;0.037;0.397;0.213;0.504;0.138;0;1;0;0;0;
0.469;0.036;0.395;0.213;0.502;0.151;0;1;0;0;0;
0.469;0.042;0.377;0.210;0.179;0.173;0;1;0;0;0;
0.469;0.044;0.361;0.197;0.117;0.202;0;1;0;0;0;
0.469;0.051;0.325;0.194;0.109;0.226;0;1;0;0;0;
0.469;0.051;0.303;0.188;0.107;0.242;0;1;0;0;0;
0.469;0.053;0.273;0.176;0.107;0.264;0;1;0;0;0;
0.469;0.059;0.272;0.175;0.099;0.290;0;1;0;0;0;
0.469;0.059;0.233;0.170;0.095;0.315;0;1;0;0;0;
0.469;0.067;0.214;0.163;0.090;0.333;0;1;0;0;0;
0.469;0.071;0.189;0.162;0.086;0.360;0;1;0;0;0;
0.469;0.071;0.156;0.157;0.087;0.386;0;1;0;0;0;
0.469;0.103;0.495;0.132;0.042;0.026;0;1;0;0;0;
0.469;0.104;0.511;0.130;0.042;0.029;0;1;0;0;0;
0.469;0.107;0.501;0.130;0.038;0.036;0;1;0;0;0;
0.469;0.105;0.499;0.133;0.044;0.051;0;1;0;0;0;
0.469;0.104;0.461;0.133;0.042;0.073;0;1;0;0;0;
0.469;0.107;0.455;0.130;0.036;0.099;0;1;0;0;0;
0.469;0.104;0.429;0.126;0.040;0.119;0;1;0;0;0;
0.469;0.101;0.337;0.128;0.044;0.193;0;0;0;1;0;
0.469;0.106;0.334;0.126;0.042;0.192;0;0;0;1;0;
0.469;0.106;0.335;0.154;0.045;0.190;1;0;0;0;0;
0.469;0.125;0.369;0.362;0.047;0.206;0;1;0;0;0;
0.469;0.126;0.372;0.360;0.042;0.204;0;1;0;0;0;
0.469;0.124;0.367;0.351;0.044;0.218;0;1;0;0;0;
0.469;0.114;0.353;0.337;0.048;0.241;0;1;0;0;0;
0.469;0.105;0.334;0.316;0.055;0.261;0;1;0;0;0;
0.469;0.080;0.263;0.244;0.081;0.315;0;0;0;1;0;
0.469;0.090;0.265;0.235;0.085;0.282;0;1;0;0;0;
0.469;0.089;0.256;0.236;0.086;0.279;0;1;0;0;0;
0.469;0.079;0.246;0.213;0.096;0.325;0;1;0;0;0;
0.469;0.068;0.222;0.196;0.107;0.334;0;1;0;0;0;
0.469;0.034;0.163;0.137;0.132;0.383;0;1;0;0;0;
0.469;0.034;0.160;0.136;0.129;0.390;0;1;0;0;0;
0.469;0.404;0.107;0.087;0.154;0.438;0;0;0;1;0;
0.469;0.402;0.106;0.090;0.152;0.429;0;0;0;1;0;
0.469;0.406;0.112;0.085;0.159;0.371;0;0;0;1;0;
0.469;0.086;0.119;0.084;0.176;0.242;0;0;0;1;0;
0.469;0.044;0.148;0.089;0.199;0.171;0;0;0;1;0;
0.469;0.141;0.248;0.111;0.178;0.095;0;1;0;0;0;
0.469;0.142;0.255;0.111;0.176;0.097;0;1;0;0;0;
0.469;0.130;0.256;0.107;0.170;0.114;0;1;0;0;0;
0.469;0.175;0.173;0.058;0.121;0.180;0;0;0;1;0;
0.469;0.225;0.177;0.059;0.121;0.177;0;0;0;1;0;
0.469;0.060;0.220;0.072;0.097;0.148;0;0;0;1;0;
0.469;0.061;0.290;0.075;0.091;0.147;0;0;0;1;0;
0.469;0.183;0.286;0.105;0.075;0.125;0;0;0;1;0;
0.469;0.185;0.288;0.106;0.074;0.125;0;0;0;1;0;
0.469;0.222;0.297;0.125;0.071;0.119;0;0;0;1;0;
0.469;0.576;0.288;0.267;0.063;0.114;0;1;0;0;0;
0.469;0.580;0.283;0.266;0.059;0.112;0;1;0;0;0;
0.469;0.578;0.280;0.269;0.064;0.130;0;1;0;0;0;
0.469;0.576;0.251;0.265;0.066;0.152;0;1;0;0;0;
0.469;0.562;0.237;0.249;0.067;0.176;0;1;0;0;0;
0.469;0.333;0.222;0.238;0.072;0.194;0;1;0;0;0;
0.469;0.383;0.135;0.160;0.074;0.265;0;0;0;1;0;
0.469;0.389;0.135;0.160;0.074;0.261;0;0;0;1;0;
0.469;0.327;0.137;0.151;0.074;0.273;0;0;0;1;0;
0.469;0.162;0.140;0.146;0.080;0.278;0;0;0;1;0;
0.469;0.106;0.178;0.127;0.106;0.142;0;1;0;0;0;
0.469;0.106;0.181;0.129;0.098;0.145;0;1;0;0;0;
0.469;0.126;0.125;0.077;0.149;0.200;0;0;0;1;0;
0.469;0.134;0.127;0.077;0.146;0.192;0;0;0;1;0;
0.469;0.097;0.157;0.082;0.183;0.126;0;1;0;0;0;
0.469;0.102;0.153;0.083;0.183;0.128;0;1;0;0;0;
0.469;0.152;0.104;0.042;0.179;0.185;0;0;0;1;0;
0.469;0.156;0.103;0.042;0.175;0.179;0;0;0;1;0;
0.469;0.140;0.118;0.049;0.144;0.137;0;0;0;1;0;
0.469;0.124;0.137;0.058;0.124;0.103;0;0;0;1;0;
0.469;0.146;0.240;0.063;0.091;0.087;0;0;0;1;0;
0.469;0.435;0.431;0.132;0.060;0.058;0;1;0;0;0;
0.469;0.435;0.455;0.135;0.061;0.055;0;1;0;0;0;
0.469;0.435;0.454;0.127;0.056;0.072;0;1;0;0;0;
0.469;0.433;0.434;0.123;0.058;0.097;0;1;0;0;0;
0.469;0.435;0.427;0.118;0.053;0.116;0;1;0;0;0;
0.469;0.125;0.339;0.119;0.052;0.189;0;0;0;1;0;
0.469;0.124;0.330;0.126;0.049;0.186;0;0;0;1;0;
0.469;0.125;0.333;0.361;0.046;0.186;0;0;0;1;0;
0.469;0.127;0.330;0.372;0.037;0.190;0;0;0;1;0;
0.469;0.515;0.360;0.336;0.039;0.181;0;1;0;0;0;
0.469;0.515;0.373;0.335;0.040;0.175;0;1;0;0;0;
0.469;0.505;0.358;0.309;0.051;0.212;0;1;0;0;0;
0.469;0.337;0.326;0.296;0.053;0.224;0;1;0;0;0;
0.469;0.120;0.277;0.241;0.078;0.273;0;0;0;0;1;
0.469;0.121;0.285;0.247;0.076;0.275;0;0;0;0;1;
0.469;0.101;0.249;0.265;0.071;0.289;0;1;0;0;0;
0.469;0.098;0.253;0.266;0.074;0.289;0;1;0;0;0;
0.469;0.096;0.245;0.259;0.077;0.310;0;1;0;0;0;
0.469;0.085;0.170;0.182;0.355;0.374;0;0;0;0;1;
0.469;0.084;0.169;0.185;0.389;0.376;0;0;0;0;1;
0.469;0.078;0.163;0.206;0.093;0.366;0;0;0;0;1;
0.469;0.071;0.162;0.219;0.097;0.365;0;0;0;0;1;
0.469;0.068;0.184;0.288;0.115;0.389;0;1;0;0;0;
0.469;0.071;0.179;0.286;0.111;0.387;0;1;0;0;0;
0.469;0.067;0.179;0.271;0.107;0.403;0;1;0;0;0;
0.469;0.073;0.165;0.260;0.106;0.427;0;1;0;0;0;
0.469;0.097;0.080;0.158;0.446;0.482;0;0;0;0;1;
0.469;0.097;0.078;0.155;0.449;0.495;0;0;0;0;1;
0.469;0.103;0.095;0.217;0.112;0.236;0;0;0;0;1;
0.469;0.122;0.113;0.350;0.119;0.150;0;1;0;0;0;
0.469;0.122;0.114;0.354;0.122;0.152;0;1;0;0;0;
0.469;0.166;0.056;0.233;0.272;0.196;0;0;0;0;1;
0.469;0.166;0.059;0.243;0.273;0.194;0;0;0;0;1;
0.469;0.169;0.069;0.313;0.132;0.159;0;0;0;0;1;
0.469;0.154;0.082;0.362;0.118;0.114;0;0;0;0;1;
0.469;0.115;0.104;0.358;0.166;0.083;0;0;0;0;1;
0.469;0.065;0.331;0.371;0.393;0.047;0;1;0;0;0;
0.469;0.058;0.316;0.357;0.315;0.071;0;0;0;0;1;
0.469;0.056;0.321;0.362;0.319;0.070;0;0;0;0;1;
0.469;0.054;0.332;0.374;0.411;0.065;0;0;0;0;1;
0.469;0.051;0.343;0.372;0.607;0.063;0;0;0;0;1;
0.469;0.042;0.354;0.453;0.617;0.066;0;1;0;0;0;
0.469;0.043;0.357;0.449;0.653;0.068;0;1;0;0;0;
0.469;0.057;0.296;0.399;0.619;0.136;0;1;0;0;0;
0.469;0.056;0.290;0.396;0.616;0.136;0;1;0;0;0;
0.469;0.055;0.293;0.383;0.641;0.150;0;1;0;0;0;
0.469;0.073;0.228;0.321;0.580;0.210;0;0;0;0;1;
0.469;0.072;0.224;0.328;0.588;0.207;0;0;0;0;1;
0.469;0.069;0.252;0.446;0.643;0.219;0;1;0;0;0;
0.469;0.075;0.256;0.451;0.643;0.217;0;1;0;0;0;
0.469;0.073;0.241;0.460;0.651;0.234;0;1;0;0;0;
0.469;0.085;0.229;0.407;0.660;0.248;0;1;0;0;0;
0.469;0.122;0.143;0.297;0.100;0.318;0;0;0;0;1;
0.469;0.125;0.146;0.281;0.103;0.315;0;0;0;0;1;
0.469;0.150;0.188;0.496;0.046;0.153;0;1;0;0;0;
0.469;0.152;0.198;0.492;0.047;0.150;0;1;0;0;0;
0.469;0.192;0.146;0.441;0.100;0.199;0;0;0;0;1;
0.469;0.196;0.143;0.444;0.101;0.195;0;0;0;0;1;
0.469;0.205;0.182;0.478;0.077;0.127;0;0;0;0;1;
0.469;0.198;0.206;0.477;0.057;0.113;0;0;0;0;1;
0.469;0.152;0.359;0.475;0.463;0.074;0;0;0;0;1;
0.469;0.150;0.352;0.482;0.463;0.072;0;0;0;0;1;
0.469;0.118;0.477;0.368;0.444;0.050;0;1;0;0;0;
0.469;0.122;0.480;0.366;0.442;0.050;0;1;0;0;0;
0.469;0.116;0.456;0.386;0.459;0.087;0;1;0;0;0;
0.469;0.099;0.400;0.383;0.068;0.136;0;1;0;0;0;
0.469;0.101;0.405;0.390;0.072;0.135;0;1;0;0;0;
0.469;0.098;0.404;0.386;0.069;0.149;0;1;0;0;0;
0.469;0.091;0.387;0.372;0.078;0.174;0;1;0;0;0;
0.469;0.085;0.361;0.370;0.087;0.190;0;1;0;0;0;
0.469;0.083;0.345;0.351;0.085;0.218;0;1;0;0;0;
0.469;0.077;0.334;0.323;0.093;0.246;0;1;0;0;0;
0.469;0.070;0.299;0.296;0.102;0.267;0;1;0;0;0;
0.469;0.065;0.284;0.279;0.104;0.285;0;1;0;0;0;
0.469;0.060;0.250;0.258;0.116;0.306;0;1;0;0;0;
0.469;0.055;0.241;0.226;0.120;0.334;0;1;0;0;0;
0.469;0.047;0.220;0.213;0.126;0.351;0;1;0;0;0;
0.469;0.025;0.122;0.123;0.146;0.422;0;0;0;0;1;
0.469;0.024;0.128;0.123;0.149;0.420;0;0;0;0;1;
0.469;0.021;0.119;0.129;0.146;0.408;0;0;0;0;1;
0.469;0.016;0.125;0.195;0.152;0.384;0;1;0;0;0;
0.469;0.014;0.119;0.197;0.158;0.385;0;1;0;0;0;
0.469;0.018;0.123;0.176;0.153;0.394;0;1;0;0;0;
0.469;0.024;0.476;0.287;0.113;0.027;0;1;0;0;0;
0.469;0.025;0.508;0.286;0.115;0.029;0;1;0;0;0;
0.469;0.023;0.508;0.295;0.113;0.033;0;1;0;0;0;
0.469;0.026;0.473;0.303;0.116;0.059;0;1;0;0;0;
0.469;0.025;0.466;0.291;0.115;0.088;0;1;0;0;0;
0.469;0.022;0.422;0.291;0.111;0.105;0;1;0;0;0;
0.469;0.025;0.414;0.298;0.117;0.132;0;1;0;0;0;
0.469;0.021;0.393;0.298;0.115;0.153;0;1;0;0;0;
0.469;0.023;0.366;0.320;0.112;0.176;0;1;0;0;0;
0.469;0.026;0.338;0.310;0.115;0.202;0;1;0;0;0;
0.469;0.022;0.311;0.303;0.116;0.225;0;1;0;0;0;
0.469;0.021;0.298;0.301;0.115;0.248;0;1;0;0;0;
0.469;0.021;0.279;0.294;0.116;0.273;0;1;0;0;0;
0.469;0.026;0.250;0.283;0.115;0.290;0;1;0;0;0;
0.469;0.021;0.167;0.224;0.114;0.367;0;0;0;1;0;
0.469;0.019;0.166;0.224;0.114;0.366;0;0;0;1;0;
0.469;0.021;0.172;0.194;0.116;0.381;0;0;0;1;0;
0.469;0.024;0.172;0.187;0.118;0.381;0;0;0;1;0;
0.469;0.039;0.187;0.170;0.126;0.387;0;0;0;1;0;
0.469;0.041;0.183;0.171;0.126;0.380;0;0;0;1;0;
0.469;0.043;0.185;0.166;0.131;0.361;0;0;0;1;0;
0.469;0.063;0.214;0.161;0.149;0.213;0;1;0;0;0;
0.469;0.061;0.223;0.161;0.147;0.218;0;1;0;0;0;
0.469;0.049;0.201;0.133;0.171;0.249;0;1;0;0;0;
0.469;0.120;0.135;0.091;0.208;0.299;0;0;0;1;0;
0.469;0.113;0.136;0.086;0.200;0.293;0;0;0;1;0;
0.469;0.050;0.141;0.091;0.214;0.246;0;0;0;1;0;
0.469;0.031;0.170;0.098;0.231;0.191;0;0;0;1;0;
0.469;0.034;0.180;0.101;0.223;0.163;0;0;0;1;0;
0.469;0.158;0.341;0.134;0.151;0.100;0;1;0;0;0;
0.469;0.158;0.344;0.133;0.152;0.104;0;1;0;0;0;
0.469;0.146;0.331;0.125;0.142;0.122;0;1;0;0;0;
0.469;0.100;0.311;0.115;0.137;0.140;0;1;0;0;0;
0.469;0.564;0.257;0.082;0.104;0.206;0;0;0;1;0;
0.469;0.567;0.255;0.083;0.101;0.202;0;0;0;1;0;
0.469;0.525;0.251;0.104;0.088;0.184;0;0;0;1;0;
0.469;0.213;0.243;0.113;0.083;0.183;0;0;0;1;0;
0.469;0.055;0.225;0.173;0.073;0.171;0;0;0;1;0;
0.469;0.056;0.229;0.175;0.073;0.170;0;0;0;1;0;
0.469;0.061;0.224;0.193;0.068;0.167;0;0;0;1;0;
0.469;0.118;0.222;0.242;0.067;0.170;0;0;0;1;0;
0.469;0.599;0.231;0.228;0.062;0.203;0;1;0;0;0;
0.469;0.599;0.231;0.224;0.062;0.203;0;1;0;0;0;
0.469;0.601;0.233;0.215;0.064;0.216;0;1;0;0;0;
0.469;0.606;0.212;0.200;0.075;0.237;0;1;0;0;0;
0.469;0.082;0.197;0.183;0.080;0.253;1;0;0;0;0;
0.469;0.265;0.105;0.086;0.105;0.330;0;0;0;1;0;
0.469;0.280;0.092;0.089;0.107;0.330;0;0;0;1;0;
0.469;0.252;0.095;0.089;0.108;0.331;0;0;0;1;0;
0.469;0.191;0.102;0.084;0.112;0.253;0;0;0;1;0;
0.469;0.155;0.120;0.083;0.113;0.166;0;0;0;1;0;
0.469;0.446;0.201;0.093;0.172;0.058;0;1;0;0;0;
0.469;0.445;0.197;0.097;0.178;0.059;0;1;0;0;0;
0.469;0.409;0.202;0.089;0.173;0.075;0;1;0;0;0;
0.469;0.156;0.179;0.072;0.170;0.097;0;1;0;0;0;
0.469;0.152;0.111;0.025;0.115;0.167;0;0;0;1;0;
0.469;0.162;0.098;0.022;0.099;0.173;0;0;0;1;0;
0.469;0.152;0.117;0.024;0.076;0.138;0;0;0;1;0;
0.469;0.148;0.144;0.028;0.063;0.134;0;0;0;1;0;
0.469;0.212;0.432;0.057;0.044;0.108;0;0;0;1;0;
0.469;0.211;0.420;0.057;0.046;0.104;0;0;0;1;0;
0.469;0.459;0.410;0.091;0.038;0.094;0;0;0;1;0;
0.469;0.462;0.415;0.119;0.035;0.093;0;0;0;1;0;
0.469;0.486;0.445;0.352;0.033;0.102;0;1;0;0;0;
0.469;0.485;0.412;0.349;0.033;0.103;0;1;0;0;0;
0.469;0.479;0.431;0.383;0.031;0.121;0;1;0;0;0;
0.469;0.475;0.407;0.401;0.035;0.146;0;1;0;0;0;
0.469;0.479;0.389;0.405;0.037;0.161;0;1;0;0;0;
0.469;0.133;0.317;0.322;0.049;0.227;0;1;0;0;0;
0.469;0.136;0.315;0.340;0.050;0.225;0;1;0;0;0;
0.469;0.123;0.291;0.303;0.052;0.257;0;1;0;0;0;
0.469;0.121;0.289;0.289;0.054;0.269;0;1;0;0;0;
0.469;0.119;0.267;0.279;0.053;0.294;0;1;0;0;0;
0.469;0.115;0.248;0.250;0.059;0.310;0;1;0;0;0;
0.469;0.100;0.165;0.172;0.439;0.381;0;0;0;0;1;
0.469;0.099;0.164;0.177;0.409;0.378;0;0;0;0;1;
0.469;0.093;0.168;0.179;0.252;0.369;0;0;0;0;1;
0.469;0.084;0.166;0.240;0.091;0.384;0;1;0;0;0;
0.469;0.078;0.169;0.236;0.089;0.382;0;1;0;0;0;
0.469;0.089;0.129;0.188;0.126;0.417;0;0;0;0;1;
0.469;0.091;0.123;0.190;0.120;0.418;0;0;0;0;1;
0.469;0.091;0.134;0.243;0.088;0.454;0;0;0;0;1;
0.469;0.092;0.141;0.259;0.099;0.461;0;0;0;0;1;
0.469;0.115;0.180;0.420;0.131;0.133;0;1;0;0;0;
0.469;0.114;0.180;0.408;0.132;0.131;0;1;0;0;0;
0.469;0.164;0.120;0.350;0.085;0.197;0;0;0;0;1;
0.469;0.164;0.124;0.361;0.086;0.191;0;0;0;0;1;
0.469;0.169;0.125;0.368;0.100;0.153;0;0;0;0;1;
0.469;0.190;0.170;0.372;0.127;0.105;0;0;0;0;1;
0.469;0.184;0.192;0.357;0.186;0.081;0;0;0;0;1;
0.469;0.121;0.379;0.381;0.418;0.048;0;1;0;0;0;
0.469;0.123;0.381;0.380;0.443;0.048;0;1;0;0;0;
0.469;0.118;0.362;0.363;0.377;0.072;0;1;0;0;0;
0.469;0.113;0.367;0.353;0.276;0.088;0;1;0;0;0;
0.469;0.107;0.349;0.329;0.224;0.115;0;1;0;0;0;
0.469;0.085;0.286;0.261;0.050;0.179;0;0;0;0;1;
0.469;0.078;0.259;0.253;0.043;0.180;0;0;0;0;1;
0.469;0.055;0.233;0.286;0.274;0.178;0;1;0;0;0;
0.469;0.058;0.230;0.274;0.255;0.175;0;1;0;0;0;
0.469;0.057;0.223;0.269;0.167;0.196;0;1;0;0;0;
0.469;0.054;0.163;0.206;0.558;0.251;0;0;0;0;1;
0.469;0.055;0.164;0.205;0.579;0.250;0;0;0;0;1;
0.469;0.053;0.167;0.239;0.101;0.255;0;0;0;0;1;
0.469;0.048;0.181;0.278;0.069;0.262;0;1;0;0;0;
0.469;0.051;0.176;0.279;0.068;0.263;0;1;0;0;0;
0.469;0.051;0.180;0.261;0.080;0.282;0;1;0;0;0;
0.469;0.070;0.096;0.168;0.393;0.342;0;0;0;0;1;
0.469;0.072;0.091;0.165;0.387;0.346;0;0;0;0;1;
0.469;0.074;0.114;0.252;0.159;0.178;0;1;0;0;0;
0.469;0.077;0.115;0.253;0.161;0.176;0;1;0;0;0;
0.469;0.105;0.056;0.164;0.274;0.243;0;0;0;0;1;
0.469;0.108;0.055;0.167;0.265;0.225;0;0;0;0;1;
0.469;0.110;0.055;0.194;0.230;0.180;0;0;0;0;1;
0.469;0.121;0.063;0.289;0.171;0.114;0;0;0;0;1;
0.469;0.121;0.153;0.520;0.186;0.033;0;1;0;0;0;
0.469;0.122;0.152;0.515;0.175;0.038;0;1;0;0;0;
0.469;0.092;0.112;0.484;0.156;0.083;0;0;0;0;1;
0.469;0.085;0.107;0.467;0.155;0.086;0;0;0;0;1;
0.469;0.066;0.168;0.487;0.185;0.056;0;0;0;0;1;
0.469;0.058;0.204;0.492;0.231;0.055;0;0;0;0;1;
0.469;0.034;0.470;0.395;0.510;0.036;0;1;0;0;0;
0.469;0.030;0.493;0.394;0.507;0.035;0;1;0;0;0;
0.469;0.025;0.420;0.400;0.343;0.097;0;0;0;0;1;
0.469;0.027;0.411;0.397;0.325;0.099;0;0;0;0;1;
0.469;0.026;0.428;0.240;0.529;0.095;0;1;0;0;0;
0.469;0.025;0.436;0.244;0.516;0.094;0;1;0;0;0;
0.469;0.026;0.432;0.241;0.503;0.109;0;1;0;0;0;
0.469;0.025;0.397;0.241;0.515;0.128;0;1;0;0;0;
0.469;0.028;0.391;0.232;0.432;0.155;0;1;0;0;0;
0.469;0.035;0.309;0.229;0.125;0.216;0;1;0;0;0;
0.469;0.035;0.312;0.225;0.119;0.216;0;1;0;0;0;
0.469;0.036;0.288;0.233;0.118;0.256;0;1;0;0;0;
0.469;0.038;0.278;0.218;0.117;0.261;0;1;0;0;0;
0.469;0.038;0.251;0.221;0.116;0.284;0;1;0;0;0;
0.469;0.055;0.185;0.210;0.103;0.339;0;1;0;0;0;
0.469;0.054;0.184;0.207;0.103;0.341;0;1;0;0;0;
0.469;0.054;0.180;0.207;0.107;0.352;0;1;0;0;0;
0.469;0.056;0.169;0.203;0.100;0.373;1;0;0;0;0;
0.469;0.067;0.505;0.206;0.075;0.013;0;1;0;0;0;
0.469;0.062;0.529;0.213;0.076;0.004;0;1;0;0;0;
0.469;0.065;0.516;0.213;0.073;0.012;0;1;0;0;0;
0.469;0.063;0.509;0.206;0.074;0.032;0;1;0;0;0;
0.469;0.065;0.481;0.207;0.073;0.062;0;1;0;0;0;
0.469;0.063;0.476;0.203;0.073;0.076;0;1;0;0;0;
0.469;0.068;0.390;0.209;0.075;0.144;0;1;0;0;0;
0.469;0.065;0.392;0.204;0.073;0.143;0;1;0;0;0;
0.469;0.066;0.379;0.202;0.069;0.158;0;1;0;0;0;
0.469;0.066;0.370;0.217;0.074;0.174;0;1;0;0;0;
0.469;0.065;0.338;0.212;0.073;0.200;0;1;0;0;0;
0.469;0.064;0.325;0.210;0.076;0.230;0;1;0;0;0;
0.469;0.064;0.301;0.208;0.069;0.260;0;1;0;0;0;
0.469;0.067;0.217;0.203;0.073;0.318;0;0;0;1;0;
0.469;0.066;0.219;0.211;0.066;0.321;0;0;0;1;0;
0.469;0.064;0.216;0.223;0.067;0.317;0;0;0;1;0;
0.469;0.068;0.217;0.241;0.069;0.331;0;0;0;1;0;
0.469;0.079;0.232;0.236;0.069;0.331;0;0;0;1;0;
0.469;0.110;0.244;0.214;0.071;0.190;0;1;0;0;0;
0.469;0.112;0.246;0.211;0.069;0.192;0;1;0;0;0;
0.469;0.109;0.243;0.206;0.074;0.211;0;1;0;0;0;
0.469;0.100;0.218;0.189;0.081;0.235;0;1;0;0;0;
0.469;0.059;0.154;0.127;0.117;0.297;0;0;0;1;0;
0.469;0.064;0.154;0.126;0.119;0.287;0;0;0;1;0;
0.469;0.062;0.157;0.124;0.129;0.206;0;0;0;1;0;
0.469;0.070;0.164;0.123;0.139;0.170;0;0;0;1;0;
0.469;0.087;0.198;0.128;0.155;0.126;0;0;0;1;0;
0.469;0.164;0.286;0.141;0.213;0.080;0;1;0;0;0;
0.469;0.162;0.286;0.139;0.209;0.080;0;1;0;0;0;
0.469;0.162;0.285;0.127;0.204;0.091;0;1;0;0;0;
0.469;0.125;0.259;0.125;0.196;0.113;0;1;0;0;0;
0.469;0.434;0.181;0.066;0.143;0.192;0;0;0;1;0;
0.469;0.414;0.179;0.065;0.136;0.188;0;0;0;1;0;
0.469;0.051;0.243;0.090;0.107;0.151;0;0;0;1;0;
0.469;0.109;0.295;0.106;0.097;0.134;0;1;0;0;0;
0.469;0.103;0.309;0.107;0.095;0.136;0;1;0;0;0;
0.469;0.571;0.249;0.081;0.078;0.190;0;0;0;1;0;
0.469;0.551;0.247;0.077;0.079;0.194;0;0;0;1;0;
0.469;0.558;0.246;0.095;0.071;0.180;0;0;0;1;0;
0.469;0.086;0.230;0.123;0.067;0.170;0;0;0;1;0;
0.469;0.083;0.236;0.156;0.057;0.162;0;0;0;1;0;
0.469;0.607;0.240;0.241;0.055;0.183;0;1;0;0;0;
0.469;0.074;0.191;0.189;0.061;0.232;0;1;0;0;0;
0.469;0.073;0.189;0.192;0.063;0.231;0;1;0;0;0;
0.469;0.173;0.141;0.141;0.076;0.279;0;0;0;1;0;
0.469;0.173;0.143;0.142;0.078;0.284;0;0;0;1;0;
0.469;0.165;0.143;0.135;0.077;0.285;0;0;0;1;0;
0.469;0.116;0.147;0.128;0.079;0.274;0;0;0;1;0;
0.469;0.170;0.186;0.123;0.100;0.109;0;1;0;0;0;
0.469;0.176;0.186;0.126;0.097;0.109;0;1;0;0;0;
0.469;0.108;0.143;0.085;0.137;0.159;0;0;0;1;0;
0.469;0.119;0.133;0.084;0.139;0.155;0;0;0;1;0;
0.469;0.117;0.137;0.078;0.148;0.150;0;0;0;1;0;
0.469;0.113;0.136;0.079;0.155;0.127;0;0;0;1;0;
0.469;0.107;0.150;0.080;0.180;0.111;0;0;0;1;0;
0.469;0.172;0.196;0.077;0.146;0.079;0;1;0;0;0;
0.469;0.174;0.196;0.076;0.145;0.076;0;1;0;0;0;
0.469;0.122;0.163;0.047;0.120;0.121;0;0;0;1;0;
0.469;0.128;0.151;0.048;0.114;0.119;0;0;0;1;0;
0.469;0.125;0.168;0.053;0.094;0.112;0;0;0;1;0;
0.469;0.126;0.226;0.065;0.085;0.100;0;0;0;1;0;
0.469;0.215;0.453;0.077;0.075;0.085;0;0;0;1;0;
0.469;0.441;0.418;0.138;0.056;0.089;0;0;0;1;0;
0.469;0.439;0.436;0.139;0.053;0.089;0;0;0;1;0;
0.469;0.436;0.421;0.158;0.051;0.087;0;0;0;1;0;
0.469;0.462;0.430;0.426;0.051;0.106;0;1;0;0;0;
0.469;0.459;0.435;0.445;0.046;0.107;0;1;0;0;0;
0.469;0.461;0.421;0.438;0.049;0.118;0;1;0;0;0;
0.469;0.457;0.414;0.431;0.050;0.141;0;1;0;0;0;
0.469;0.455;0.388;0.390;0.061;0.161;0;1;0;0;0;
0.469;0.104;0.311;0.322;0.071;0.236;0;1;0;0;0;
0.469;0.107;0.301;0.331;0.072;0.232;0;1;0;0;0;
0.469;0.099;0.277;0.295;0.072;0.267;0;1;0;0;0;
0.469;0.098;0.268;0.279;0.074;0.289;0;1;0;0;0;
0.469;0.098;0.256;0.259;0.080;0.309;0;1;0;0;0;
0.469;0.081;0.184;0.197;0.227;0.367;0;0;0;0;1;
0.469;0.080;0.181;0.201;0.228;0.361;0;0;0;0;1;
0.469;0.076;0.182;0.224;0.086;0.355;0;0;0;0;1;
0.469;0.069;0.187;0.261;0.099;0.358;0;1;0;0;0;
0.469;0.066;0.189;0.263;0.099;0.367;0;1;0;0;0;
0.469;0.076;0.139;0.210;0.104;0.413;0;0;0;0;1;
0.469;0.079;0.133;0.195;0.124;0.419;0;0;0;0;1;
0.469;0.084;0.135;0.258;0.104;0.454;0;0;0;0;1;
0.469;0.087;0.144;0.289;0.111;0.430;0;0;0;0;1;
0.469;0.111;0.180;0.413;0.152;0.102;0;1;0;0;0;
0.469;0.110;0.188;0.431;0.149;0.105;0;1;0;0;0;
0.469;0.112;0.181;0.410;0.133;0.121;0;1;0;0;0;
0.469;0.172;0.104;0.340;0.100;0.198;0;0;0;0;1;
0.469;0.179;0.094;0.330;0.110;0.192;0;0;0;0;1;
0.469;0.178;0.114;0.356;0.124;0.122;0;0;0;0;1;
0.469;0.155;0.146;0.350;0.126;0.114;0;0;0;0;1;
0.469;0.144;0.151;0.344;0.137;0.097;0;0;0;0;1;
0.469;0.089;0.358;0.372;0.383;0.065;0;1;0;0;0;
0.469;0.093;0.360;0.371;0.373;0.062;0;1;0;0;0;
0.469;0.087;0.357;0.357;0.310;0.085;0;1;0;0;0;
0.469;0.082;0.338;0.343;0.245;0.100;0;1;0;0;0;
0.469;0.060;0.268;0.269;0.076;0.165;0;0;0;0;1;
0.469;0.061;0.267;0.271;0.077;0.163;0;0;0;0;1;
0.469;0.050;0.268;0.293;0.183;0.147;0;0;0;0;1;
0.469;0.036;0.265;0.326;0.528;0.149;0;1;0;0;0;
0.469;0.037;0.258;0.321;0.505;0.146;0;1;0;0;0;
0.469;0.036;0.209;0.257;0.080;0.203;0;0;0;0;1;
0.469;0.035;0.207;0.257;0.079;0.206;0;0;0;0;1;
0.469;0.037;0.212;0.276;0.105;0.211;0;0;0;0;1;
0.469;0.034;0.216;0.313;0.615;0.216;0;0;0;0;1;
0.469;0.043;0.261;0.538;0.717;0.094;0;1;0;0;0;
0.469;0.045;0.250;0.515;0.732;0.093;0;1;0;0;0;
0.469;0.054;0.236;0.494;0.717;0.133;0;1;0;0;0;
0.469;0.087;0.181;0.389;0.102;0.174;0;0;0;0;1;
0.469;0.084;0.185;0.389;0.098;0.168;0;0;0;0;1;
0.469;0.101;0.242;0.558;0.697;0.068;0;1;0;0;0;
0.469;0.104;0.232;0.524;0.703;0.070;0;1;0;0;0;
0.469;0.107;0.229;0.532;0.718;0.083;0;1;0;0;0;
0.469;0.119;0.212;0.532;2.000;0.103;0;1;0;0;0;
0.469;0.188;0.148;0.455;0.108;0.171;0;0;0;0;1;
0.469;0.192;0.132;0.449;0.116;0.167;0;0;0;0;1;
0.469;0.180;0.176;0.466;0.094;0.110;0;0;0;0;1;
0.469;0.156;0.207;0.458;0.080;0.105;0;0;0;0;1;
0.469;0.115;0.427;0.480;0.452;0.075;0;1;0;0;0;
0.469;0.114;0.398;0.462;0.474;0.073;0;1;0;0;0;
0.469;0.097;0.372;0.431;0.083;0.125;0;0;0;0;1;
0.469;0.094;0.369;0.428;0.087;0.127;0;0;0;0;1;
0.469;0.080;0.417;0.378;0.126;0.111;0;0;0;0;1;
0.469;0.075;0.426;0.345;0.359;0.101;0;0;0;0;1;
0.469;0.060;0.422;0.203;0.481;0.095;0;1;0;0;0;
0.469;0.059;0.413;0.204;0.471;0.095;0;1;0;0;0;
0.469;0.060;0.396;0.198;0.472;0.128;0;1;0;0;0;
0.469;0.062;0.379;0.204;0.420;0.143;0;1;0;0;0;
0.469;0.066;0.312;0.203;0.091;0.205;0;1;0;0;0;
0.469;0.071;0.312;0.200;0.086;0.204;0;1;0;0;0;
0.469;0.066;0.319;0.197;0.088;0.222;0;1;0;0;0;
0.469;0.070;0.301;0.198;0.084;0.243;0;1;0;0;0;
0.469;0.074;0.217;0.196;0.084;0.300;0;1;0;0;0;
0.469;0.075;0.209;0.195;0.079;0.323;0;1;0;0;0;
0.469;0.076;0.198;0.199;0.080;0.329;0;1;0;0;0;
0.469;0.077;0.182;0.194;0.080;0.347;0;1;0;0;0;
0.469;0.081;0.110;0.160;0.076;0.401;0;1;0;0;0;
0.469;0.146;0.522;0.054;0.011;0.006;0;1;0;0;0;
0.469;0.146;0.510;0.056;0.011;0.006;0;1;0;0;0;
0.469;0.145;0.513;0.056;0.010;0.017;0;1;0;0;0;
0.469;0.145;0.495;0.055;0.014;0.035;0;1;0;0;0;
0.469;0.145;0.476;0.057;0.010;0.061;0;1;0;0;0;
0.469;0.145;0.451;0.054;0.010;0.081;0;1;0;0;0;
0.469;0.144;0.433;0.053;0.013;0.107;0;1;0;0;0;
0.469;0.145;0.358;0.057;0.015;0.168;0;0;0;1;0;
0.469;0.144;0.361;0.060;0.009;0.168;0;0;0;1;0;
0.469;0.142;0.371;0.124;0.014;0.173;0;1;0;0;0;
0.469;0.145;0.362;0.121;0.013;0.174;0;1;0;0;0;
0.469;0.143;0.367;0.125;0.017;0.188;0;1;0;0;0;
0.469;0.140;0.349;0.130;0.018;0.209;0;1;0;0;0;
0.469;0.131;0.276;0.156;0.028;0.269;0;0;0;1;0;
0.469;0.131;0.274;0.162;0.031;0.281;0;0;0;1;0;
0.469;0.144;0.277;0.259;0.028;0.252;0;1;0;0;0;
0.469;0.142;0.277;0.259;0.028;0.252;0;1;0;0;0;
0.469;0.139;0.270;0.265;0.026;0.267;0;1;0;0;0;
0.469;0.133;0.257;0.241;0.033;0.278;0;1;0;0;0;
0.469;0.115;0.195;0.187;0.045;0.323;0;0;0;1;0;
0.469;0.110;0.185;0.178;0.050;0.327;0;0;0;1;0;
0.469;0.121;0.191;0.158;0.056;0.173;0;1;0;0;0;
0.469;0.122;0.184;0.164;0.055;0.169;0;1;0;0;0;
0.469;0.117;0.186;0.156;0.064;0.189;0;1;0;0;0;
0.469;0.089;0.128;0.098;0.089;0.256;0;0;0;1;0;
0.469;0.094;0.118;0.087;0.089;0.255;0;0;0;1;0;
0.469;0.090;0.125;0.080;0.114;0.148;0;0;0;1;0;
0.469;0.102;0.131;0.081;0.113;0.135;0;0;0;1;0;
0.469;0.163;0.181;0.092;0.168;0.068;0;0;0;1;0;
0.469;0.162;0.182;0.095;0.163;0.067;0;0;0;1;0;
0.469;0.212;0.219;0.105;0.171;0.034;0;0;0;1;0;
0.469;0.254;0.265;0.112;0.164;0.031;0;0;0;1;0;
0.469;0.281;0.305;0.123;0.161;0.022;0;0;0;1;0;
0.469;0.520;0.390;0.166;0.125;0.020;0;1;0;0;0;
0.469;0.519;0.385;0.172;0.121;0.026;0;1;0;0;0;
0.469;0.451;0.345;0.153;0.114;0.065;0;0;0;1;0;
0.469;0.443;0.347;0.152;0.110;0.067;1;0;0;0;0;
0.469;0.542;0.332;0.302;0.095;0.059;0;1;0;0;0;
0.469;0.534;0.333;0.297;0.092;0.064;0;1;0;0;0;
0.469;0.535;0.314;0.301;0.092;0.095;0;1;0;0;0;
0.469;0.543;0.286;0.299;0.094;0.105;0;1;0;0;0;
0.469;0.074;0.218;0.253;0.099;0.174;0;0;0;1;0;
0.469;0.088;0.221;0.259;0.101;0.175;0;0;0;1;0;
0.469;0.274;0.222;0.256;0.105;0.177;0;0;0;1;0;
0.469;0.570;0.238;0.219;0.118;0.203;0;1;0;0;0;
0.469;0.566;0.244;0.222;0.111;0.205;0;1;0;0;0;
0.469;0.573;0.229;0.213;0.116;0.221;0;1;0;0;0;
0.469;0.069;0.176;0.155;0.136;0.277;0;0;0;1;0;
0.469;0.093;0.158;0.145;0.135;0.279;0;0;0;1;0;
0.469;0.063;0.171;0.134;0.149;0.299;0;1;0;0;0;
0.469;0.062;0.173;0.136;0.150;0.293;0;1;0;0;0;
0.469;0.137;0.129;0.096;0.174;0.332;0;0;0;1;0;
0.469;0.138;0.128;0.096;0.170;0.338;0;0;0;1;0;
0.469;0.129;0.135;0.096;0.185;0.311;0;0;0;1;0;
0.469;0.090;0.156;0.086;0.220;0.218;0;0;0;1;0;
0.469;0.092;0.160;0.092;0.220;0.209;0;0;0;1;0;
0.469;0.091;0.157;0.091;0.217;0.200;0;0;0;1;0;
0.469;0.088;0.168;0.090;0.208;0.181;0;0;0;1;0;
0.469;0.088;0.176;0.087;0.200;0.175;0;0;0;1;0;
0.469;0.083;0.209;0.089;0.161;0.156;0;0;0;1;0;
0.469;0.080;0.265;0.098;0.147;0.151;0;0;0;1;0;
0.469;0.081;0.469;0.098;0.133;0.136;0;0;0;1;0;
0.469;0.080;0.448;0.110;0.105;0.129;0;0;0;1;0;
0.469;0.091;0.427;0.130;0.095;0.124;0;0;0;1;0;
0.469;0.419;0.388;0.416;0.071;0.129;0;1;0;0;0;
0.469;0.425;0.391;0.406;0.075;0.129;0;1;0;0;0;
0.469;0.093;0.351;0.404;0.075;0.174;0;1;0;0;0;
0.469;0.099;0.345;0.403;0.074;0.173;0;1;0;0;0;
0.469;0.094;0.338;0.382;0.069;0.189;0;1;0;0;0;
0.469;0.096;0.325;0.375;0.073;0.206;0;1;0;0;0;
0.469;0.092;0.312;0.341;0.071;0.234;0;1;0;0;0;
0.469;0.094;0.274;0.321;0.073;0.261;0;1;0;0;0;
0.469;0.094;0.202;0.244;0.077;0.329;0;0;0;0;1;
0.469;0.095;0.196;0.246;0.075;0.325;0;0;0;0;1;
0.469;0.086;0.212;0.296;0.086;0.330;0;0;0;0;1;
0.469;0.089;0.214;0.303;0.084;0.337;0;0;0;0;1;
0.469;0.087;0.239;0.420;0.108;0.365;0;1;0;0;0;
0.469;0.085;0.240;0.403;0.108;0.370;0;1;0;0;0;
0.469;0.086;0.232;0.397;0.100;0.382;0;1;0;0;0;
0.469;0.107;0.169;0.302;0.077;0.433;0;0;0;0;1;
0.469;0.115;0.165;0.287;0.074;0.438;0;0;0;0;1;
0.469;0.131;0.186;0.394;0.090;0.218;0;0;0;0;1;
0.469;0.143;0.192;0.407;0.105;0.190;0;0;0;0;1;
0.469;0.220;0.314;0.371;0.186;0.079;0;1;0;0;0;
0.469;0.218;0.310;0.372;0.180;0.078;0;1;0;0;0;
0.469;0.208;0.254;0.322;0.107;0.138;0;1;0;0;0;
0.469;0.208;0.257;0.326;0.108;0.137;0;1;0;0;0;
0.469;0.181;0.224;0.296;0.050;0.181;0;0;0;0;1;
0.469;0.171;0.201;0.287;0.044;0.183;0;0;0;0;1;
0.469;0.144;0.278;0.285;0.085;0.142;0;0;0;0;1;
0.469;0.118;0.322;0.306;0.173;0.124;0;1;0;0;0;
0.469;0.121;0.324;0.308;0.170;0.127;0;1;0;0;0;
0.469;0.100;0.261;0.258;0.040;0.180;0;0;0;0;1;
0.469;0.105;0.268;0.255;0.041;0.177;0;0;0;0;1;
0.469;0.095;0.267;0.259;0.055;0.169;0;0;0;0;1;
0.469;0.076;0.241;0.323;0.556;0.169;0;1;0;0;0;
0.469;0.078;0.246;0.326;0.551;0.167;0;1;0;0;0;
0.469;0.077;0.239;0.310;0.554;0.184;0;1;0;0;0;
0.469;0.081;0.226;0.295;0.433;0.201;0;1;0;0;0;
0.469;0.083;0.152;0.210;0.396;0.265;0;0;0;0;1;
0.469;0.085;0.151;0.205;0.400;0.263;0;0;0;0;1;
0.469;0.085;0.171;0.260;0.098;0.278;0;0;0;0;1;
0.469;0.088;0.176;0.278;0.042;0.281;0;0;0;0;1;
0.469;0.099;0.204;0.484;0.669;0.164;0;1;0;0;0;
0.469;0.101;0.208;0.470;0.678;0.163;0;1;0;0;0;
0.469;0.129;0.163;0.394;0.071;0.214;0;0;0;0;1;
0.469;0.136;0.160;0.360;0.082;0.214;0;0;0;0;1;
0.469;0.139;0.165;0.482;0.075;0.156;0;0;0;0;1;
0.469;0.162;0.190;0.489;0.063;0.119;0;0;0;0;1;
0.469;0.200;0.211;0.482;0.211;0.082;0;0;0;0;1;
0.469;0.155;0.500;0.402;0.427;0.035;0;1;0;0;0;
0.469;0.152;0.495;0.400;0.424;0.032;0;1;0;0;0;
0.469;0.152;0.484;0.409;0.433;0.048;0;1;0;0;0;
0.469;0.135;0.433;0.434;0.093;0.113;0;0;0;0;1;
0.469;0.129;0.420;0.440;0.067;0.114;0;0;0;0;1;
0.469;0.121;0.431;0.376;0.102;0.111;0;0;0;0;1;
0.469;0.114;0.420;0.236;0.436;0.107;0;0;0;0;1;
0.469;0.098;0.416;0.098;0.467;0.113;0;1;0;0;0;
0.469;0.099;0.427;0.096;0.460;0.112;0;1;0;0;0;
0.469;0.097;0.387;0.087;0.454;0.148;0;1;0;0;0;
0.469;0.109;0.387;0.086;0.442;0.163;0;1;0;0;0;
0.469;0.123;0.329;0.065;0.048;0.215;0;0;0;1;0;
0.469;0.120;0.325;0.066;0.044;0.219;0;0;0;1;0;
0.469;0.123;0.317;0.099;0.041;0.212;0;1;0;0;0;
0.469;0.122;0.313;0.102;0.038;0.207;0;1;0;0;0;
0.469;0.125;0.300;0.101;0.035;0.224;0;1;0;0;0;
0.469;0.122;0.295;0.099;0.039;0.240;0;1;0;0;0;
0.469;0.121;0.271;0.095;0.035;0.259;0;1;0;0;0;
0.469;0.126;0.234;0.090;0.035;0.305;0;1;0;0;0;
0.469;0.129;0.214;0.087;0.034;0.325;0;1;0;0;0;
0.469;0.129;0.197;0.087;0.036;0.348;0;1;0;0;0;
0.469;0.137;0.107;0.078;0.032;0.402;0;0;0;1;0;
0.469;0.136;0.106;0.081;0.032;0.402;0;0;0;1;0;
0.469;0.150;0.099;0.123;0.032;0.432;0;1;0;0;0;
0.469;0.149;0.100;0.124;0.032;0.425;0;1;0;0;0;
0.469;0.152;0.091;0.114;0.029;0.443;0;1;0;0;0;
0.469;0.017;0.514;0.350;0.147;0.007;0;1;0;0;0;
0.469;0.017;0.518;0.339;0.147;0.003;0;1;0;0;0;
0.469;0.021;0.513;0.342;0.143;0.037;0;1;0;0;0;
0.469;0.017;0.461;0.354;0.145;0.049;0;1;0;0;0;
0.469;0.024;0.463;0.347;0.147;0.073;0;1;0;0;0;
0.469;0.021;0.459;0.349;0.142;0.099;0;1;0;0;0;
0.469;0.022;0.423;0.350;0.146;0.114;0;1;0;0;0;
0.469;0.019;0.410;0.339;0.146;0.146;0;1;0;0;0;
0.469;0.019;0.382;0.353;0.140;0.161;0;1;0;0;0;
0.469;0.021;0.347;0.351;0.145;0.187;0;1;0;0;0;
0.469;0.023;0.331;0.349;0.143;0.214;0;1;0;0;0;
0.469;0.021;0.322;0.340;0.146;0.228;0;1;0;0;0;
0.469;0.018;0.290;0.327;0.144;0.253;0;1;0;0;0;
0.469;0.019;0.272;0.312;0.144;0.284;0;1;0;0;0;
0.469;0.018;0.254;0.293;0.142;0.304;0;1;0;0;0;
0.469;0.019;0.165;0.218;0.145;0.371;0;0;0;1;0;
0.469;0.033;0.160;0.219;0.144;0.367;0;0;0;1;0;
0.469;0.012;0.166;0.188;0.144;0.381;0;0;0;1;0;
0.469;0.009;0.168;0.171;0.145;0.389;0;1;0;0;0;
0.469;0.011;0.168;0.176;0.143;0.390;0;1;0;0;0;
0.469;0.368;0.128;0.130;0.153;0.430;0;0;0;1;0;
0.469;0.364;0.121;0.127;0.154;0.431;0;0;0;1;0;
0.469;0.369;0.132;0.115;0.164;0.430;0;0;0;1;0;
0.469;0.083;0.134;0.113;0.166;0.409;0;0;0;1;0;
0.469;0.024;0.150;0.102;0.189;0.268;0;0;0;1;0;
0.469;0.024;0.153;0.100;0.182;0.263;0;0;0;1;0;
0.469;0.034;0.169;0.107;0.217;0.200;0;0;0;1;0;
0.469;0.039;0.167;0.104;0.215;0.193;0;0;0;1;0;
0.469;0.049;0.179;0.105;0.219;0.171;0;0;0;1;0;
0.469;0.052;0.187;0.107;0.219;0.153;0;0;0;1;0;
0.469;0.098;0.276;0.110;0.163;0.121;0;1;0;0;0;
0.469;0.102;0.277;0.109;0.165;0.120;0;1;0;0;0;
0.469;0.037;0.245;0.087;0.143;0.169;0;0;0;1;0;
0.469;0.043;0.235;0.077;0.126;0.177;0;0;0;1;0;
0.469;0.047;0.283;0.093;0.108;0.157;0;0;0;1;0;
0.469;0.046;0.280;0.094;0.093;0.158;0;0;0;1;0;
0.469;0.147;0.262;0.134;0.087;0.147;0;0;0;1;0;
0.469;0.146;0.268;0.134;0.083;0.143;0;0;0;1;0;
0.469;0.317;0.257;0.172;0.074;0.142;0;0;0;1;0;
0.469;0.428;0.249;0.186;0.073;0.138;0;0;0;1;0;
0.469;0.554;0.248;0.251;0.073;0.148;0;1;0;0;0;
0.469;0.549;0.243;0.256;0.069;0.147;0;1;0;0;0;
0.469;0.056;0.208;0.229;0.071;0.195;0;0;0;1;0;
0.469;0.048;0.208;0.228;0.072;0.197;0;0;0;1;0;
0.469;0.061;0.197;0.202;0.080;0.224;0;0;0;1;0;
0.469;0.181;0.198;0.199;0.075;0.225;0;0;0;1;0;
0.469;0.584;0.216;0.180;0.090;0.229;0;1;0;0;0;
0.469;0.598;0.215;0.186;0.093;0.232;0;1;0;0;0;
0.469;0.053;0.179;0.141;0.110;0.279;0;0;0;1;0;
0.469;0.063;0.171;0.135;0.120;0.275;0;0;0;1;0;
0.469;0.062;0.165;0.132;0.131;0.218;0;0;0;1;0;
0.469;0.054;0.183;0.129;0.143;0.152;0;0;0;1;0;
0.469;0.418;0.299;0.145;0.217;0.085;0;1;0;0;0;
0.469;0.420;0.317;0.147;0.217;0.084;0;1;0;0;0;
0.469;0.056;0.265;0.114;0.193;0.144;0;0;0;1;0;
0.469;0.064;0.243;0.107;0.183;0.148;0;0;0;1;0;
0.469;0.058;0.472;0.122;0.152;0.122;0;0;0;1;0;
0.469;0.081;0.452;0.128;0.146;0.117;0;0;0;1;0;
0.469;0.385;0.434;0.192;0.119;0.094;0;1;0;0;0;
0.469;0.390;0.433;0.192;0.120;0.096;0;1;0;0;0;
0.469;0.389;0.423;0.188;0.117;0.111;0;1;0;0;0;
0.469;0.311;0.409;0.189;0.112;0.135;0;1;0;0;0;
0.469;0.070;0.378;0.192;0.109;0.162;0;1;0;0;0;
0.469;0.079;0.312;0.412;0.092;0.230;0;0;0;1;0;
0.469;0.078;0.301;0.388;0.086;0.222;0;1;0;0;0;
0.469;0.076;0.304;0.382;0.085;0.226;0;1;0;0;0;
0.469;0.077;0.301;0.369;0.087;0.242;0;1;0;0;0;
0.469;0.081;0.290;0.354;0.085;0.256;0;1;0;0;0;
0.469;0.082;0.259;0.333;0.080;0.283;0;1;0;0;0;
0.469;0.087;0.184;0.249;0.070;0.347;0;0;0;0;1;
0.469;0.087;0.189;0.248;0.077;0.347;0;0;0;0;1;
0.469;0.085;0.188;0.262;0.075;0.354;0;0;0;0;1;
0.469;0.083;0.198;0.306;0.086;0.373;0;0;0;0;1;
0.469;0.085;0.209;0.353;0.097;0.388;0;0;0;0;1;
0.469;0.124;0.293;0.419;0.166;0.078;0;1;0;0;0;
0.469;0.126;0.306;0.418;0.167;0.078;0;1;0;0;0;
0.469;0.145;0.282;0.388;0.147;0.117;0;1;0;0;0;
0.469;0.164;0.262;0.391;0.124;0.124;0;1;0;0;0;
0.469;0.229;0.194;0.344;0.057;0.195;0;0;0;0;1;
0.469;0.232;0.187;0.353;0.056;0.193;0;0;0;0;1;
0.469;0.210;0.295;0.328;0.127;0.126;0;1;0;0;0;
0.469;0.205;0.316;0.326;0.122;0.122;0;1;0;0;0;
0.469;0.198;0.298;0.296;0.080;0.156;0;1;0;0;0;
0.469;0.176;0.261;0.285;0.042;0.175;0;1;0;0;0;
0.469;0.132;0.198;0.234;0.588;0.235;0;0;0;0;1;
0.469;0.131;0.189;0.235;0.592;0.234;0;0;0;0;1;
0.469;0.106;0.264;0.243;0.459;0.193;0;0;0;0;1;
0.469;0.088;0.254;0.257;0.044;0.181;0;1;0;0;0;
0.469;0.084;0.256;0.257;0.039;0.179;0;1;0;0;0;
0.469;0.073;0.217;0.214;0.601;0.221;0;0;0;0;1;
0.469;0.074;0.219;0.217;0.609;0.223;0;0;0;0;1;
0.469;0.066;0.205;0.241;0.255;0.210;0;0;0;0;1;
0.469;0.061;0.204;0.249;0.073;0.211;0;0;0;0;1;
0.469;0.060;0.216;0.297;0.504;0.219;0;1;0;0;0;
0.469;0.060;0.210;0.300;0.488;0.221;0;1;0;0;0;
0.469;0.068;0.166;0.253;0.130;0.273;0;0;0;0;1;
0.469;0.069;0.158;0.236;0.170;0.279;0;0;0;0;1;
0.469;0.073;0.172;0.286;0.077;0.243;0;0;0;0;1;
0.469;0.086;0.184;0.403;0.115;0.149;0;1;0;0;0;
0.469;0.086;0.189;0.409;0.114;0.148;0;1;0;0;0;
0.469;0.087;0.184;0.396;0.095;0.160;0;1;0;0;0;
0.469;0.120;0.127;0.287;0.154;0.218;0;0;0;0;1;
0.469;0.125;0.115;0.269;0.157;0.212;0;0;0;0;1;
0.469;0.126;0.117;0.310;0.125;0.174;0;0;0;0;1;
0.469;0.141;0.151;0.485;0.098;0.119;0;0;0;0;1;
0.469;0.180;0.176;0.495;0.081;0.078;0;0;0;0;1;
0.469;0.139;0.465;0.484;0.454;0.043;0;1;0;0;0;
0.469;0.138;0.458;0.479;0.454;0.043;0;1;0;0;0;
0.469;0.138;0.454;0.485;0.464;0.058;0;1;0;0;0;
0.469;0.123;0.431;0.465;0.427;0.082;0;1;0;0;0;
0.469;0.119;0.412;0.451;0.130;0.114;0;1;0;0;0;
0.469;0.100;0.372;0.402;0.090;0.162;0;0;0;0;1;
0.469;0.091;0.354;0.383;0.098;0.169;0;0;0;0;1;
0.469;0.073;0.390;0.384;0.098;0.150;0;0;0;0;1;
0.469;0.064;0.372;0.295;0.102;0.147;0;1;0;0;0;
0.469;0.059;0.364;0.303;0.098;0.146;0;1;0;0;0;
0.469;0.061;0.356;0.302;0.101;0.161;0;1;0;0;0;
0.469;0.061;0.347;0.300;0.100;0.182;0;1;0;0;0;
0.469;0.057;0.334;0.302;0.105;0.205;0;1;0;0;0;
0.469;0.050;0.242;0.287;0.105;0.276;0;1;0;0;0;
0.469;0.057;0.246;0.282;0.105;0.276;0;1;0;0;0;
0.469;0.055;0.244;0.279;0.109;0.295;0;1;0;0;0;
0.469;0.049;0.228;0.262;0.111;0.310;0;1;0;0;0;
0.469;0.050;0.198;0.242;0.110;0.329;0;1;0;0;0;
0.469;0.050;0.176;0.209;0.115;0.361;0;1;0;0;0;
0.469;0.043;0.086;0.118;0.120;0.423;0;1;0;0;0;
0.469;0.044;0.084;0.115;0.121;0.420;0;1;0;0;0;
